,ASB.11.1,ASB.11.2,ASB.11.7,ASB.11.8,AGC.1.1,AGC.1.2,AGC.1.3,AGC.1.4,AGC.1.5,AGC.1.6,AGC.1.7,AGC.1.8,AGC.1.9,EC.3.1.1,EC.3.1.2,EC.3.1.3,EC.3.1.4,EC.3.1.5,EC.3.1.6,RC.2.4.8,RC.2.4.9,RC.2.4.10,PnD.1.1.3,PnD.1.1.7,PnD.1.1.8,PnD.1.1.10,MFD.2.1.1,MFD.2.1.2,MFD.2.1.3,MFD.2.1.4,MFD.2.1.5,MFD.2.1.6,MFD.2.1.7,MFD.2.1.8,CHD.3.3.1,CHD.3.3.6,CHD.3.3.7,ID.4.1.4,ID.4.1.5,ID.4.1.6,ID.4.1.7,ID.4.1.8,ID.4.1.9,ID.4.1.11,ID.4.1.12,CSD.5.1.1,CSD.5.1.2,CSD.5.1.3,CSD.5.1.4,CSD.5.1.5,Ed1,Expe,HEE.11.1.1,HEE.11.1.2,HEE.11.1.3,HEE.11.1.4,HEE.11.1.5,Desempeno_econo1,desempeno_social1F.2.6.1,desempeno_social1F.2.6.2,desempeno_social1F.2.6.3,desempeno_social1F.2.6.4,desempeno_social1F.2.6.5,desempeno_social1F.2.6.6,Desempeno_econo2
0,4.0,4.0,4.0,3.0,3.0,3.0,0.0,3.0,2.0,3.0,1.0,1.0,3.0,1.0,1.0,3.0,3.0,0.0,0.0,4.0,4.0,4.0,4.0,3.0,3.0,3.0,3.0,0.0,1.0,3.0,2.0,3.0,4.0,3.0,3.0,3.0,3.0,4.0,4.0,4.0,4.0,3.0,4.0,2.0,4.0,3.0,4.0,4.0,4.0,3.0,1,8.0,4.0,4.0,4.0,4.0,4.0,11.5,4.0,4.0,3.0,4.0,4.0,3.0,0
1,2.0,2.0,2.0,2.0,3.0,3.0,3.0,3.0,3.0,3.0,3.0,3.0,3.0,3.0,3.0,3.0,3.0,3.0,3.0,3.0,3.0,3.0,3.0,3.0,3.0,3.0,3.0,3.0,3.0,3.0,3.0,3.0,3.0,3.0,3.0,3.0,3.0,3.0,3.0,3.0,3.0,3.0,3.0,3.0,3.0,3.0,3.0,3.0,3.0,3.0,1,3.0,3.0,3.0,3.0,3.0,3.0,0.05,4.0,4.0,4.0,4.0,3.0,4.0,1
2,4.0,4.0,4.0,4.0,3.0,3.0,3.0,3.0,3.0,3.0,3.0,3.0,3.0,3.0,3.0,3.0,3.0,3.0,3.0,3.0,3.0,3.0,3.0,3.0,3.0,3.0,3.0,3.0,3.0,3.0,3.0,3.0,3.0,3.0,3.0,3.0,3.0,3.0,3.0,3.0,3.0,3.0,3.0,3.0,3.0,3.0,3.0,3.0,3.0,3.0,1,7.0,3.0,3.0,3.0,3.0,3.0,0.25,3.0,3.0,3.0,3.0,3.0,3.0,1
3,2.0,3.0,2.0,3.0,1.0,1.0,0.0,1.0,2.0,3.0,2.0,2.0,2.0,1.0,1.0,1.0,1.0,1.0,0.0,2.0,2.0,3.0,2.0,3.0,3.0,2.0,1.0,2.0,1.0,2.0,1.0,2.0,3.0,3.0,3.0,3.0,3.0,2.0,3.0,3.0,3.0,3.0,3.0,3.0,3.0,4.0,4.0,3.0,3.0,4.0,0,5.0,4.0,4.0,3.0,4.0,4.0,0.1,2.0,3.0,3.0,3.0,3.0,3.0,0
4,3.0,3.0,3.0,3.0,2.0,2.0,2.0,2.0,2.0,2.0,2.0,2.0,2.0,3.0,3.0,3.0,3.0,3.0,3.0,2.0,2.0,2.0,3.0,3.0,3.0,3.0,2.0,2.0,2.0,2.0,2.0,2.0,2.0,2.0,3.0,3.0,3.0,3.0,3.0,3.0,3.0,3.0,3.0,3.0,3.0,3.0,3.0,3.0,3.0,3.0,1,15.0,3.0,3.0,3.0,3.0,3.0,0.15,3.0,3.0,3.0,3.0,3.0,3.0,1
5,3.0,3.0,3.0,3.0,3.0,3.0,3.0,2.0,3.0,3.0,3.0,3.0,3.0,3.0,3.0,3.0,3.0,3.0,3.0,3.0,3.0,3.0,3.0,3.0,3.0,3.0,3.0,3.0,3.0,3.0,3.0,3.0,3.0,3.0,3.0,3.0,3.0,3.0,3.0,3.0,3.0,3.0,3.0,3.0,3.0,3.0,3.0,3.0,3.0,3.0,1,18.0,3.0,3.0,3.0,3.0,3.0,0.18,3.0,3.0,3.0,3.0,3.0,3.0,0
6,3.0,3.0,3.0,3.0,2.0,2.0,2.0,2.0,2.0,2.0,2.0,2.0,2.0,2.0,2.0,2.0,2.0,2.0,2.0,2.0,2.0,2.0,3.0,3.0,3.0,3.0,3.0,3.0,3.0,3.0,3.0,3.0,3.0,3.0,3.0,3.0,3.0,3.0,3.0,3.0,3.0,3.0,3.0,3.0,3.0,3.0,3.0,3.0,3.0,3.0,1,10.0,3.0,3.0,3.0,3.0,3.0,0.08,3.0,3.0,3.0,3.0,3.0,3.0,1
7,3.0,3.0,3.0,3.0,2.0,2.0,2.0,2.0,2.0,2.0,2.0,2.0,2.0,2.0,2.0,2.0,2.0,2.0,2.0,2.0,2.0,2.0,3.0,3.0,3.0,3.0,3.0,3.0,3.0,3.0,3.0,3.0,3.0,3.0,3.0,3.0,3.0,3.0,3.0,3.0,3.0,3.0,3.0,3.0,3.0,3.0,3.0,3.0,3.0,3.0,1,5.0,4.0,4.0,4.0,4.0,4.0,0.15,3.0,3.0,3.0,3.0,3.0,3.0,1
8,3.0,3.0,3.0,3.0,3.0,3.0,3.0,3.0,3.0,3.0,3.0,3.0,3.0,3.0,3.0,3.0,3.0,3.0,3.0,3.0,3.0,3.0,3.0,3.0,3.0,3.0,3.0,3.0,3.0,3.0,3.0,3.0,3.0,3.0,3.0,3.0,3.0,3.0,3.0,3.0,3.0,3.0,3.0,3.0,3.0,3.0,3.0,3.0,3.0,3.0,1,20.0,3.0,3.0,3.0,3.0,3.0,0.22,3.0,3.0,3.0,3.0,3.0,3.0,1
9,3.0,3.0,3.0,3.0,3.0,3.0,3.0,3.0,3.0,3.0,3.0,3.0,3.0,3.0,3.0,3.0,3.0,3.0,3.0,3.0,3.0,3.0,3.0,3.0,3.0,3.0,3.0,3.0,3.0,3.0,3.0,3.0,3.0,3.0,3.0,3.0,3.0,3.0,3.0,3.0,3.0,3.0,3.0,3.0,3.0,3.0,3.0,3.0,3.0,3.0,1,20.0,3.0,3.0,3.0,3.0,3.0,0.24,3.0,3.0,3.0,3.0,3.0,3.0,1
10,3.0,3.0,3.0,3.0,3.0,3.0,3.0,3.0,3.0,3.0,3.0,3.0,3.0,3.0,3.0,3.0,3.0,3.0,3.0,3.0,3.0,3.0,3.0,3.0,3.0,3.0,3.0,3.0,3.0,3.0,3.0,3.0,3.0,3.0,3.0,3.0,3.0,3.0,3.0,3.0,3.0,3.0,3.0,3.0,3.0,3.0,3.0,3.0,3.0,3.0,1,20.0,4.0,4.0,4.0,4.0,4.0,0.25,3.0,3.0,3.0,3.0,3.0,3.0,1
11,3.0,3.0,3.0,3.0,3.0,3.0,3.0,3.0,3.0,3.0,3.0,3.0,3.0,3.0,3.0,3.0,3.0,3.0,3.0,3.0,3.0,3.0,3.0,3.0,3.0,3.0,3.0,3.0,3.0,3.0,3.0,3.0,3.0,3.0,3.0,3.0,3.0,3.0,3.0,3.0,3.0,3.0,3.0,3.0,3.0,3.0,3.0,3.0,3.0,3.0,1,30.0,3.0,3.0,3.0,3.0,3.0,0.25,3.0,3.0,3.0,3.0,3.0,3.0,1
12,3.0,3.0,3.0,3.0,3.0,3.0,3.0,3.0,3.0,3.0,3.0,3.0,3.0,3.0,3.0,3.0,3.0,3.0,3.0,3.0,3.0,3.0,3.0,3.0,3.0,3.0,3.0,3.0,3.0,3.0,3.0,3.0,3.0,3.0,3.0,3.0,3.0,3.0,3.0,3.0,3.0,3.0,3.0,3.0,3.0,3.0,3.0,3.0,3.0,3.0,1,10.0,3.0,3.0,3.0,3.0,3.0,0.012,3.0,3.0,3.0,3.0,3.0,3.0,1
13,3.0,3.0,3.0,3.0,3.0,3.0,3.0,3.0,3.0,3.0,3.0,3.0,3.0,3.0,3.0,3.0,3.0,3.0,3.0,3.0,3.0,3.0,3.0,3.0,3.0,3.0,3.0,3.0,3.0,3.0,3.0,3.0,3.0,3.0,3.0,3.0,3.0,3.0,3.0,3.0,3.0,3.0,3.0,3.0,3.0,3.0,3.0,3.0,3.0,3.0,1,22.0,4.0,4.0,4.0,4.0,4.0,0.25,3.0,3.0,3.0,3.0,3.0,3.0,1
14,3.0,3.0,3.0,3.0,3.0,3.0,3.0,3.0,3.0,3.0,3.0,3.0,3.0,3.0,3.0,3.0,3.0,3.0,3.0,3.0,3.0,3.0,3.0,4.0,3.0,3.0,3.0,3.0,3.0,3.0,3.0,3.0,3.0,3.0,3.0,3.0,3.0,3.0,3.0,3.0,3.0,3.0,3.0,3.0,3.0,3.0,3.0,3.0,3.0,3.0,1,10.0,4.0,4.0,4.0,4.0,4.0,0.2,3.0,3.0,3.0,3.0,3.0,3.0,1
15,3.0,3.0,3.0,3.0,3.0,3.0,3.0,3.0,3.0,3.0,3.0,3.0,3.0,3.0,3.0,3.0,3.0,3.0,3.0,3.0,3.0,3.0,3.0,3.0,3.0,3.0,3.0,3.0,3.0,3.0,3.0,3.0,3.0,3.0,3.0,3.0,3.0,3.0,3.0,3.0,3.0,3.0,3.0,3.0,3.0,3.0,3.0,3.0,3.0,3.0,1,10.0,3.0,3.0,3.0,3.0,3.0,0.2,3.0,3.0,3.0,3.0,3.0,3.0,1
16,3.0,3.0,3.0,3.0,2.0,2.0,2.0,2.0,2.0,2.0,2.0,2.0,2.0,3.0,3.0,3.0,3.0,3.0,3.0,2.0,2.0,2.0,3.0,3.0,3.0,3.0,3.0,3.0,3.0,3.0,3.0,3.0,3.0,3.0,3.0,3.0,3.0,3.0,3.0,3.0,3.0,3.0,3.0,3.0,3.0,3.0,3.0,3.0,3.0,3.0,1,5.0,3.0,3.0,3.0,3.0,3.0,0.02,3.0,3.0,3.0,3.0,3.0,3.0,1
17,3.0,3.0,3.0,3.0,3.0,3.0,3.0,3.0,3.0,3.0,3.0,3.0,3.0,3.0,3.0,3.0,3.0,3.0,3.0,3.0,3.0,3.0,3.0,3.0,3.0,3.0,3.0,3.0,3.0,3.0,3.0,3.0,3.0,3.0,3.0,3.0,3.0,3.0,3.0,3.0,3.0,3.0,3.0,3.0,3.0,3.0,3.0,3.0,3.0,3.0,1,15.0,4.0,4.0,4.0,4.0,4.0,0.45,3.0,3.0,3.0,3.0,3.0,3.0,1
18,3.0,3.0,3.0,3.0,3.0,3.0,3.0,3.0,3.0,3.0,3.0,3.0,3.0,3.0,3.0,3.0,3.0,3.0,3.0,3.0,3.0,3.0,3.0,3.0,3.0,3.0,3.0,3.0,3.0,3.0,3.0,3.0,3.0,3.0,3.0,3.0,3.0,3.0,3.0,3.0,3.0,3.0,3.0,3.0,3.0,3.0,3.0,3.0,3.0,3.0,1,25.0,4.0,4.0,4.0,4.0,4.0,0.57,3.0,3.0,3.0,3.0,3.0,3.0,1
19,3.0,3.0,3.0,3.0,3.0,3.0,3.0,3.0,3.0,3.0,3.0,3.0,3.0,3.0,3.0,3.0,3.0,3.0,3.0,3.0,3.0,3.0,3.0,3.0,3.0,3.0,3.0,3.0,4.0,3.0,3.0,3.0,3.0,3.0,3.0,3.0,3.0,3.0,3.0,3.0,3.0,3.0,3.0,3.0,3.0,3.0,3.0,3.0,3.0,3.0,1,5.0,3.0,3.0,3.0,3.0,3.0,0.25,3.0,3.0,3.0,3.0,3.0,3.0,1
20,3.0,3.0,3.0,3.0,3.0,3.0,3.0,3.0,3.0,3.0,3.0,3.0,3.0,3.0,3.0,3.0,3.0,3.0,3.0,3.0,3.0,3.0,3.0,3.0,3.0,3.0,3.0,3.0,3.0,3.0,3.0,3.0,3.0,3.0,3.0,3.0,3.0,3.0,3.0,3.0,3.0,3.0,3.0,3.0,3.0,3.0,3.0,3.0,3.0,3.0,1,15.0,4.0,4.0,4.0,4.0,4.0,0.3,3.0,3.0,3.0,3.0,3.0,3.0,1
21,3.0,3.0,3.0,3.0,3.0,3.0,3.0,3.0,3.0,3.0,3.0,3.0,3.0,3.0,3.0,3.0,3.0,3.0,3.0,3.0,3.0,3.0,3.0,3.0,3.0,3.0,3.0,3.0,3.0,3.0,3.0,3.0,3.0,3.0,3.0,3.0,3.0,3.0,3.0,3.0,3.0,3.0,3.0,3.0,3.0,3.0,3.0,3.0,3.0,3.0,1,32.0,4.0,4.0,4.0,4.0,4.0,0.35,3.0,3.0,3.0,3.0,3.0,3.0,1
22,3.0,3.0,3.0,3.0,3.0,3.0,3.0,3.0,3.0,3.0,3.0,3.0,3.0,3.0,3.0,3.0,3.0,3.0,3.0,3.0,3.0,3.0,3.0,3.0,3.0,3.0,3.0,3.0,3.0,3.0,3.0,3.0,3.0,3.0,3.0,3.0,3.0,3.0,3.0,3.0,3.0,3.0,3.0,3.0,3.0,3.0,3.0,3.0,3.0,3.0,1,15.0,4.0,4.0,4.0,4.0,4.0,0.6,3.0,3.0,3.0,3.0,3.0,3.0,1
23,3.0,3.0,3.0,3.0,3.0,3.0,3.0,3.0,3.0,3.0,3.0,3.0,3.0,3.0,3.0,3.0,3.0,3.0,3.0,3.0,3.0,3.0,3.0,3.0,3.0,3.0,3.0,3.0,3.0,3.0,3.0,3.0,3.0,3.0,3.0,3.0,3.0,3.0,3.0,3.0,3.0,3.0,3.0,3.0,3.0,3.0,3.0,3.0,3.0,3.0,1,10.0,4.0,4.0,4.0,4.0,4.0,1.8,3.0,3.0,3.0,3.0,3.0,3.0,1
24,3.0,3.0,3.0,3.0,3.0,3.0,3.0,3.0,3.0,3.0,3.0,3.0,3.0,3.0,3.0,3.0,3.0,3.0,3.0,3.0,3.0,3.0,3.0,3.0,3.0,3.0,3.0,3.0,3.0,3.0,3.0,3.0,3.0,3.0,3.0,3.0,3.0,3.0,3.0,3.0,3.0,3.0,3.0,3.0,3.0,3.0,3.0,3.0,3.0,3.0,1,30.0,3.0,3.0,3.0,3.0,3.0,1.2,3.0,3.0,3.0,3.0,3.0,3.0,1
25,3.0,3.0,3.0,3.0,3.0,3.0,3.0,3.0,3.0,3.0,3.0,3.0,3.0,3.0,3.0,3.0,3.0,3.0,3.0,3.0,3.0,3.0,3.0,3.0,3.0,3.0,3.0,3.0,3.0,3.0,3.0,3.0,3.0,3.0,3.0,3.0,3.0,3.0,3.0,3.0,3.0,3.0,3.0,3.0,3.0,3.0,3.0,3.0,3.0,3.0,1,15.0,4.0,4.0,4.0,4.0,4.0,0.4,3.0,3.0,3.0,3.0,3.0,3.0,1
26,3.0,3.0,3.0,3.0,3.0,3.0,3.0,3.0,3.0,3.0,3.0,3.0,3.0,3.0,3.0,3.0,3.0,3.0,3.0,3.0,3.0,3.0,3.0,3.0,3.0,3.0,3.0,3.0,3.0,3.0,3.0,3.0,3.0,3.0,3.0,3.0,3.0,3.0,3.0,3.0,3.0,3.0,3.0,3.0,3.0,3.0,3.0,3.0,3.0,3.0,1,15.0,4.0,4.0,4.0,4.0,4.0,0.8,3.0,3.0,3.0,3.0,3.0,3.0,1
27,3.0,3.0,3.0,3.0,3.0,3.0,3.0,3.0,3.0,3.0,3.0,3.0,3.0,3.0,3.0,3.0,3.0,3.0,3.0,3.0,3.0,3.0,3.0,3.0,3.0,3.0,3.0,3.0,3.0,3.0,3.0,3.0,3.0,3.0,3.0,3.0,3.0,3.0,3.0,3.0,3.0,3.0,3.0,3.0,3.0,3.0,3.0,3.0,3.0,3.0,1,30.0,4.0,4.0,4.0,4.0,4.0,0.8,3.0,3.0,3.0,3.0,3.0,3.0,1
28,3.0,3.0,3.0,3.0,3.0,3.0,3.0,3.0,3.0,3.0,3.0,3.0,3.0,3.0,3.0,3.0,3.0,3.0,3.0,3.0,3.0,3.0,3.0,3.0,3.0,3.0,3.0,3.0,3.0,3.0,3.0,3.0,3.0,3.0,3.0,3.0,3.0,3.0,3.0,3.0,3.0,3.0,3.0,3.0,3.0,3.0,3.0,3.0,3.0,3.0,1,25.0,3.0,3.0,3.0,3.0,3.0,0.8,3.0,3.0,3.0,3.0,3.0,3.0,1
29,3.0,3.0,3.0,3.0,3.0,3.0,3.0,3.0,3.0,3.0,3.0,3.0,3.0,3.0,3.0,3.0,3.0,3.0,3.0,3.0,3.0,3.0,3.0,3.0,3.0,3.0,3.0,3.0,3.0,3.0,3.0,3.0,3.0,3.0,3.0,3.0,3.0,3.0,3.0,3.0,3.0,3.0,3.0,3.0,3.0,3.0,3.0,3.0,3.0,3.0,0,10.0,3.0,3.0,3.0,3.0,3.0,0.05,3.0,3.0,3.0,3.0,3.0,3.0,1
30,3.0,3.0,3.0,3.0,3.0,3.0,3.0,3.0,3.0,3.0,3.0,3.0,3.0,3.0,3.0,3.0,3.0,3.0,3.0,3.0,3.0,3.0,3.0,3.0,3.0,3.0,3.0,3.0,3.0,3.0,3.0,3.0,3.0,3.0,3.0,3.0,3.0,3.0,3.0,3.0,3.0,3.0,3.0,3.0,3.0,3.0,3.0,3.0,3.0,3.0,1,30.0,3.0,3.0,3.0,3.0,3.0,1.5,3.0,3.0,3.0,3.0,3.0,3.0,1
31,3.0,3.0,3.0,3.0,3.0,3.0,3.0,3.0,3.0,3.0,3.0,3.0,3.0,3.0,3.0,3.0,3.0,3.0,3.0,3.0,3.0,3.0,3.0,3.0,3.0,3.0,3.0,3.0,3.0,3.0,3.0,3.0,3.0,3.0,3.0,3.0,3.0,3.0,3.0,3.0,3.0,3.0,3.0,3.0,3.0,3.0,3.0,3.0,3.0,3.0,1,15.0,4.0,4.0,4.0,4.0,4.0,0.0,3.0,3.0,3.0,3.0,3.0,3.0,1
32,3.0,3.0,3.0,3.0,3.0,3.0,3.0,3.0,3.0,3.0,3.0,3.0,3.0,3.0,3.0,3.0,3.0,3.0,3.0,3.0,3.0,3.0,3.0,3.0,3.0,3.0,3.0,3.0,3.0,3.0,3.0,3.0,3.0,3.0,3.0,3.0,3.0,3.0,3.0,3.0,3.0,3.0,3.0,3.0,3.0,3.0,3.0,3.0,3.0,3.0,1,15.0,3.0,3.0,3.0,3.0,3.0,0.0,3.0,3.0,3.0,3.0,3.0,3.0,1
33,3.0,3.0,3.0,3.0,3.0,3.0,3.0,3.0,3.0,3.0,3.0,3.0,3.0,3.0,3.0,3.0,3.0,3.0,3.0,3.0,3.0,3.0,3.0,3.0,3.0,3.0,3.0,3.0,3.0,3.0,3.0,3.0,3.0,3.0,3.0,3.0,3.0,3.0,3.0,3.0,3.0,3.0,3.0,3.0,3.0,3.0,3.0,3.0,3.0,3.0,1,15.0,4.0,4.0,4.0,4.0,4.0,0.0,3.0,3.0,3.0,3.0,3.0,3.0,1
34,3.0,3.0,3.0,3.0,3.0,3.0,3.0,3.0,3.0,3.0,3.0,3.0,3.0,3.0,3.0,3.0,3.0,3.0,3.0,3.0,3.0,3.0,3.0,3.0,3.0,3.0,3.0,3.0,3.0,3.0,3.0,3.0,3.0,3.0,3.0,3.0,3.0,3.0,3.0,3.0,3.0,3.0,3.0,3.0,3.0,3.0,3.0,3.0,3.0,3.0,0,15.0,4.0,4.0,4.0,4.0,4.0,0.0,3.0,3.0,3.0,3.0,3.0,3.0,1
35,3.0,3.0,3.0,3.0,3.0,3.0,3.0,3.0,3.0,3.0,3.0,3.0,3.0,3.0,3.0,3.0,3.0,3.0,3.0,3.0,3.0,3.0,3.0,3.0,3.0,3.0,3.0,3.0,3.0,3.0,3.0,3.0,3.0,3.0,3.0,3.0,3.0,3.0,3.0,3.0,3.0,3.0,3.0,3.0,3.0,3.0,3.0,3.0,3.0,3.0,1,5.0,3.0,3.0,3.0,3.0,3.0,0.0,3.0,3.0,3.0,3.0,3.0,3.0,1
36,3.0,3.0,3.0,3.0,3.0,3.0,3.0,3.0,3.0,3.0,3.0,3.0,3.0,3.0,3.0,2.0,3.0,2.0,3.0,3.0,3.0,3.0,3.0,3.0,3.0,3.0,3.0,2.0,3.0,3.0,3.0,3.0,3.0,3.0,3.0,3.0,3.0,3.0,3.0,3.0,3.0,3.0,3.0,3.0,3.0,3.0,3.0,3.0,3.0,3.0,1,15.0,3.0,3.0,3.0,3.0,3.0,0.0,3.0,3.0,3.0,3.0,3.0,3.0,1
37,3.0,3.0,3.0,3.0,3.0,3.0,3.0,3.0,3.0,3.0,3.0,3.0,3.0,3.0,3.0,3.0,3.0,3.0,3.0,3.0,3.0,3.0,3.0,3.0,3.0,3.0,3.0,3.0,3.0,3.0,3.0,3.0,3.0,3.0,3.0,3.0,3.0,3.0,3.0,3.0,4.0,3.0,3.0,3.0,3.0,3.0,3.0,3.0,3.0,3.0,1,12.0,1.0,1.0,1.0,1.0,1.0,0.0,3.0,3.0,3.0,3.0,3.0,3.0,1
38,3.0,3.0,3.0,3.0,3.0,3.0,3.0,3.0,3.0,3.0,3.0,3.0,3.0,3.0,3.0,3.0,3.0,3.0,3.0,3.0,3.0,3.0,2.0,2.0,2.0,2.0,2.0,2.0,2.0,2.0,2.0,2.0,2.0,2.0,3.0,3.0,3.0,3.0,3.0,3.0,3.0,3.0,3.0,3.0,3.0,3.0,3.0,3.0,3.0,3.0,0,3.0,3.0,3.0,3.0,3.0,3.0,0.0,1.0,1.0,1.0,1.0,1.0,1.0,1
39,3.0,3.0,3.0,3.0,3.0,3.0,3.0,3.0,3.0,3.0,3.0,3.0,3.0,3.0,3.0,3.0,3.0,3.0,3.0,3.0,3.0,3.0,3.0,3.0,3.0,3.0,3.0,3.0,3.0,3.0,3.0,3.0,3.0,3.0,3.0,3.0,3.0,3.0,3.0,3.0,3.0,3.0,3.0,3.0,3.0,3.0,3.0,3.0,3.0,3.0,1,8.0,4.0,4.0,4.0,4.0,4.0,0.1,3.0,3.0,3.0,3.0,3.0,3.0,1
40,3.0,3.0,3.0,3.0,3.0,3.0,3.0,3.0,3.0,3.0,3.0,3.0,3.0,3.0,3.0,3.0,3.0,3.0,3.0,3.0,3.0,3.0,3.0,3.0,3.0,3.0,3.0,3.0,3.0,3.0,3.0,3.0,3.0,3.0,3.0,3.0,3.0,3.0,3.0,3.0,3.0,3.0,3.0,3.0,3.0,3.0,3.0,3.0,3.0,3.0,1,30.0,3.0,3.0,3.0,3.0,3.0,1.2,3.0,3.0,3.0,3.0,3.0,3.0,1
41,3.0,3.0,3.0,3.0,3.0,3.0,3.0,3.0,3.0,3.0,3.0,3.0,3.0,3.0,3.0,3.0,3.0,3.0,3.0,3.0,3.0,3.0,3.0,3.0,3.0,3.0,3.0,3.0,3.0,3.0,3.0,3.0,3.0,3.0,3.0,3.0,3.0,3.0,3.0,3.0,3.0,3.0,3.0,3.0,3.0,3.0,3.0,3.0,3.0,3.0,1,10.0,3.0,3.0,3.0,3.0,3.0,0.0,3.0,3.0,3.0,3.0,3.0,3.0,1
42,3.0,3.0,3.0,3.0,3.0,3.0,3.0,3.0,3.0,3.0,3.0,3.0,3.0,3.0,3.0,3.0,3.0,3.0,3.0,3.0,3.0,3.0,3.0,3.0,3.0,3.0,3.0,3.0,3.0,3.0,3.0,3.0,3.0,3.0,3.0,3.0,3.0,3.0,3.0,3.0,3.0,3.0,3.0,3.0,3.0,3.0,3.0,3.0,3.0,3.0,0,5.0,4.0,4.0,4.0,4.0,4.0,0.0,3.0,3.0,3.0,3.0,3.0,3.0,0
43,3.0,3.0,3.0,3.0,3.0,3.0,3.0,3.0,3.0,3.0,3.0,3.0,3.0,3.0,3.0,3.0,3.0,3.0,3.0,3.0,3.0,3.0,3.0,3.0,3.0,3.0,3.0,3.0,3.0,3.0,3.0,3.0,3.0,3.0,3.0,3.0,3.0,3.0,3.0,3.0,3.0,3.0,3.0,3.0,3.0,3.0,3.0,3.0,3.0,3.0,1,15.0,2.0,2.0,2.0,2.0,2.0,0.0,3.0,3.0,3.0,3.0,3.0,3.0,1
44,3.0,3.0,3.0,3.0,3.0,3.0,3.0,3.0,3.0,3.0,3.0,3.0,3.0,3.0,3.0,3.0,3.0,3.0,3.0,3.0,3.0,3.0,3.0,3.0,3.0,3.0,3.0,3.0,3.0,3.0,3.0,3.0,3.0,3.0,3.0,3.0,3.0,3.0,3.0,3.0,3.0,3.0,3.0,3.0,3.0,3.0,3.0,3.0,3.0,3.0,1,5.0,3.0,3.0,3.0,3.0,3.0,0.0,3.0,3.0,3.0,3.0,3.0,3.0,0
45,3.0,3.0,3.0,3.0,3.0,3.0,3.0,3.0,3.0,3.0,3.0,3.0,3.0,3.0,3.0,3.0,3.0,3.0,3.0,3.0,3.0,3.0,3.0,3.0,3.0,3.0,3.0,3.0,3.0,3.0,3.0,3.0,3.0,3.0,3.0,3.0,3.0,3.0,3.0,3.0,3.0,3.0,3.0,3.0,3.0,3.0,3.0,3.0,3.0,3.0,1,3.0,4.0,4.0,4.0,4.0,4.0,0.0,3.0,3.0,3.0,3.0,3.0,3.0,1
46,3.0,3.0,3.0,3.0,3.0,3.0,3.0,3.0,3.0,3.0,3.0,3.0,3.0,3.0,3.0,3.0,3.0,3.0,3.0,3.0,3.0,3.0,3.0,3.0,3.0,3.0,3.0,3.0,3.0,3.0,3.0,3.0,3.0,3.0,3.0,3.0,3.0,3.0,3.0,3.0,3.0,3.0,3.0,3.0,3.0,3.0,3.0,3.0,3.0,3.0,1,2.0,4.0,4.0,4.0,4.0,4.0,0.0,3.0,3.0,3.0,3.0,3.0,3.0,1
47,3.0,3.0,3.0,3.0,3.0,3.0,3.0,3.0,3.0,3.0,3.0,4.0,4.0,3.0,3.0,3.0,3.0,3.0,3.0,3.0,3.0,3.0,3.0,3.0,3.0,3.0,3.0,3.0,3.0,4.0,3.0,3.0,3.0,3.0,3.0,3.0,3.0,3.0,3.0,3.0,3.0,3.0,3.0,3.0,3.0,3.0,3.0,3.0,3.0,3.0,1,7.0,4.0,4.0,4.0,4.0,4.0,0.08,3.0,3.0,3.0,3.0,3.0,3.0,1
48,3.0,3.0,3.0,3.0,3.0,3.0,3.0,3.0,3.0,3.0,3.0,3.0,3.0,3.0,3.0,3.0,3.0,3.0,3.0,3.0,3.0,3.0,3.0,3.0,3.0,3.0,3.0,3.0,3.0,3.0,3.0,3.0,3.0,3.0,3.0,3.0,3.0,3.0,3.0,3.0,3.0,3.0,3.0,3.0,3.0,3.0,3.0,3.0,3.0,3.0,1,15.0,3.0,3.0,3.0,3.0,3.0,0.0,3.0,3.0,3.0,3.0,3.0,3.0,1
49,3.0,3.0,3.0,3.0,3.0,3.0,3.0,3.0,3.0,3.0,3.0,3.0,3.0,3.0,3.0,3.0,3.0,3.0,3.0,3.0,3.0,3.0,3.0,3.0,3.0,3.0,3.0,3.0,3.0,3.0,3.0,3.0,3.0,3.0,3.0,3.0,3.0,3.0,3.0,3.0,3.0,3.0,3.0,3.0,3.0,3.0,3.0,3.0,3.0,3.0,1,10.0,3.0,3.0,3.0,3.0,3.0,0.0,3.0,3.0,3.0,3.0,3.0,3.0,1
50,3.0,3.0,3.0,3.0,3.0,3.0,3.0,3.0,3.0,3.0,3.0,3.0,3.0,3.0,3.0,3.0,3.0,3.0,3.0,3.0,3.0,3.0,3.0,3.0,3.0,3.0,3.0,3.0,3.0,3.0,3.0,3.0,3.0,3.0,3.0,3.0,3.0,3.0,3.0,3.0,3.0,3.0,3.0,3.0,3.0,3.0,3.0,3.0,3.0,3.0,1,13.0,4.0,4.0,4.0,4.0,4.0,0.0,3.0,3.0,3.0,3.0,3.0,3.0,1
51,3.0,3.0,3.0,3.0,3.0,3.0,3.0,3.0,3.0,3.0,3.0,3.0,3.0,3.0,3.0,3.0,3.0,3.0,3.0,3.0,3.0,3.0,3.0,3.0,3.0,3.0,3.0,3.0,3.0,3.0,3.0,3.0,3.0,3.0,3.0,3.0,3.0,3.0,3.0,3.0,3.0,3.0,3.0,3.0,3.0,3.0,3.0,3.0,3.0,3.0,1,15.0,3.0,3.0,3.0,3.0,3.0,0.0,3.0,3.0,3.0,3.0,3.0,3.0,1
52,3.0,3.0,3.0,3.0,3.0,3.0,3.0,3.0,3.0,3.0,3.0,3.0,3.0,3.0,3.0,3.0,3.0,3.0,3.0,3.0,3.0,3.0,3.0,3.0,3.0,3.0,3.0,3.0,3.0,3.0,3.0,3.0,3.0,3.0,3.0,3.0,3.0,3.0,3.0,3.0,3.0,3.0,3.0,3.0,3.0,3.0,3.0,3.0,3.0,3.0,1,10.0,3.0,3.0,3.0,3.0,3.0,0.0,3.0,3.0,3.0,3.0,3.0,3.0,0
53,3.0,3.0,3.0,3.0,3.0,3.0,3.0,3.0,3.0,3.0,3.0,3.0,3.0,3.0,3.0,3.0,3.0,3.0,3.0,3.0,3.0,3.0,3.0,3.0,3.0,3.0,3.0,3.0,3.0,3.0,3.0,3.0,3.0,3.0,3.0,3.0,3.0,3.0,3.0,3.0,3.0,3.0,3.0,3.0,3.0,3.0,3.0,3.0,3.0,3.0,1,30.0,3.0,3.0,3.0,3.0,3.0,0.8,3.0,3.0,3.0,3.0,3.0,3.0,1
54,3.0,3.0,3.0,3.0,3.0,3.0,3.0,3.0,3.0,3.0,3.0,3.0,3.0,3.0,3.0,3.0,3.0,3.0,3.0,3.0,3.0,3.0,3.0,3.0,3.0,3.0,3.0,3.0,3.0,3.0,3.0,3.0,3.0,3.0,3.0,3.0,3.0,3.0,3.0,3.0,3.0,3.0,3.0,3.0,3.0,3.0,3.0,3.0,3.0,3.0,1,20.0,3.0,3.0,3.0,3.0,3.0,0.0,3.0,3.0,3.0,3.0,3.0,3.0,1
55,3.0,3.0,3.0,3.0,3.0,3.0,3.0,3.0,3.0,3.0,3.0,3.0,3.0,3.0,3.0,3.0,3.0,3.0,3.0,3.0,3.0,3.0,3.0,3.0,3.0,3.0,3.0,3.0,3.0,3.0,3.0,3.0,3.0,3.0,3.0,3.0,3.0,3.0,3.0,3.0,3.0,3.0,3.0,3.0,3.0,3.0,3.0,3.0,3.0,3.0,1,10.0,3.0,3.0,3.0,3.0,3.0,0.0,3.0,3.0,3.0,3.0,3.0,3.0,1
56,3.0,3.0,3.0,3.0,3.0,3.0,3.0,3.0,3.0,3.0,3.0,3.0,3.0,3.0,3.0,3.0,3.0,3.0,3.0,3.0,3.0,3.0,3.0,3.0,3.0,3.0,3.0,3.0,3.0,3.0,3.0,3.0,3.0,3.0,3.0,3.0,3.0,3.0,3.0,3.0,3.0,3.0,3.0,3.0,3.0,3.0,3.0,3.0,3.0,3.0,1,15.0,3.0,3.0,3.0,3.0,3.0,0.0,3.0,3.0,3.0,3.0,3.0,3.0,1
57,3.0,3.0,3.0,3.0,3.0,3.0,3.0,3.0,3.0,3.0,3.0,3.0,3.0,3.0,3.0,3.0,3.0,3.0,3.0,3.0,3.0,3.0,3.0,3.0,3.0,3.0,3.0,3.0,3.0,3.0,3.0,3.0,3.0,3.0,3.0,3.0,3.0,3.0,3.0,3.0,3.0,3.0,3.0,3.0,3.0,3.0,3.0,3.0,3.0,3.0,1,10.0,3.0,3.0,3.0,3.0,3.0,1.2,3.0,3.0,3.0,3.0,3.0,3.0,1
58,3.0,3.0,3.0,3.0,3.0,3.0,3.0,3.0,3.0,3.0,3.0,3.0,3.0,3.0,3.0,3.0,3.0,3.0,3.0,3.0,3.0,3.0,3.0,3.0,3.0,3.0,3.0,3.0,3.0,3.0,3.0,3.0,3.0,3.0,3.0,3.0,3.0,3.0,3.0,3.0,3.0,3.0,3.0,3.0,3.0,3.0,3.0,3.0,3.0,3.0,1,14.0,4.0,4.0,4.0,4.0,4.0,0.0,3.0,3.0,3.0,3.0,3.0,3.0,1
59,3.0,3.0,3.0,3.0,3.0,3.0,3.0,3.0,3.0,3.0,3.0,3.0,3.0,3.0,3.0,3.0,3.0,3.0,3.0,3.0,3.0,3.0,3.0,3.0,3.0,3.0,3.0,3.0,3.0,3.0,3.0,3.0,3.0,3.0,3.0,3.0,3.0,3.0,3.0,3.0,3.0,3.0,3.0,3.0,3.0,3.0,3.0,3.0,3.0,3.0,1,12.0,3.0,3.0,3.0,3.0,3.0,0.0,3.0,3.0,3.0,3.0,3.0,3.0,1
60,3.0,3.0,3.0,3.0,3.0,3.0,3.0,3.0,3.0,3.0,3.0,3.0,3.0,3.0,3.0,3.0,3.0,3.0,3.0,3.0,3.0,3.0,3.0,3.0,3.0,3.0,3.0,3.0,3.0,3.0,3.0,3.0,3.0,3.0,3.0,3.0,3.0,3.0,3.0,3.0,3.0,3.0,3.0,3.0,3.0,3.0,3.0,3.0,3.0,3.0,1,14.0,3.0,3.0,3.0,3.0,3.0,0.0,3.0,3.0,3.0,3.0,3.0,3.0,1
61,3.0,3.0,3.0,3.0,3.0,3.0,3.0,3.0,3.0,3.0,3.0,3.0,3.0,3.0,3.0,3.0,3.0,3.0,3.0,3.0,3.0,3.0,3.0,3.0,3.0,3.0,3.0,3.0,3.0,3.0,3.0,3.0,3.0,3.0,3.0,3.0,3.0,3.0,3.0,3.0,3.0,3.0,3.0,3.0,3.0,3.0,3.0,3.0,3.0,3.0,1,23.0,3.0,3.0,3.0,3.0,3.0,0.0,3.0,3.0,3.0,3.0,3.0,3.0,1
62,3.0,3.0,3.0,3.0,3.0,3.0,3.0,3.0,3.0,3.0,3.0,3.0,3.0,3.0,3.0,3.0,3.0,3.0,3.0,3.0,3.0,3.0,3.0,3.0,3.0,3.0,3.0,3.0,3.0,3.0,3.0,3.0,3.0,3.0,3.0,3.0,3.0,3.0,3.0,3.0,3.0,3.0,3.0,3.0,3.0,3.0,3.0,3.0,3.0,3.0,1,10.0,3.0,3.0,3.0,3.0,3.0,0.0,3.0,3.0,3.0,3.0,3.0,3.0,1
63,3.0,3.0,3.0,3.0,3.0,3.0,3.0,3.0,3.0,3.0,3.0,3.0,3.0,3.0,3.0,3.0,3.0,3.0,3.0,3.0,3.0,3.0,3.0,3.0,3.0,3.0,3.0,3.0,3.0,3.0,3.0,3.0,3.0,3.0,3.0,3.0,3.0,3.0,3.0,3.0,3.0,3.0,3.0,3.0,3.0,3.0,3.0,3.0,3.0,3.0,1,10.0,3.0,3.0,3.0,3.0,3.0,0.0,3.0,3.0,3.0,3.0,3.0,3.0,1
64,3.0,3.0,2.0,3.0,1.0,1.0,0.0,2.0,1.0,2.0,3.0,1.0,1.0,0.0,0.0,3.0,2.0,1.0,0.0,3.0,3.0,3.0,3.0,3.0,2.0,2.0,1.0,3.0,1.0,2.0,1.0,2.0,3.0,3.0,4.0,3.0,3.0,3.0,3.0,3.0,3.0,3.0,3.0,2.0,3.0,3.0,3.0,3.0,3.0,3.0,0,3.0,3.0,3.0,3.0,3.0,3.0,0.1,3.0,3.0,2.0,3.0,3.0,3.0,0
65,2.0,3.0,2.0,3.0,2.0,3.0,1.0,2.0,1.0,3.0,1.0,1.0,1.0,1.0,1.0,1.0,2.0,1.0,0.0,1.0,2.0,3.0,1.0,3.0,2.0,0.0,1.0,1.0,1.0,2.0,1.0,2.0,3.0,2.0,3.0,3.0,3.0,3.0,3.0,3.0,3.0,3.0,3.0,3.0,3.0,3.0,3.0,3.0,3.0,3.0,1,4.0,3.0,3.0,3.0,3.0,3.0,0.15,3.0,3.0,3.0,3.0,3.0,3.0,0
66,1.0,2.0,0.0,0.0,3.0,3.0,3.0,3.0,3.0,3.0,3.0,3.0,3.0,1.0,1.0,1.0,2.0,1.0,0.0,3.0,2.0,3.0,1.0,3.0,3.0,1.0,1.0,1.0,1.0,1.0,1.0,1.0,1.0,1.0,3.0,3.0,3.0,3.0,3.0,3.0,3.0,3.0,3.0,3.0,3.0,3.0,3.0,3.0,3.0,3.0,0,5.0,4.0,4.0,4.0,4.0,3.0,0.2,3.0,3.0,3.0,3.0,3.0,3.0,0
67,3.0,3.0,3.0,3.0,0.0,0.0,1.0,0.0,0.0,0.0,0.0,0.0,0.0,2.0,1.0,3.0,2.0,2.0,1.0,3.0,3.0,3.0,3.0,3.0,3.0,3.0,2.0,3.0,2.0,2.0,2.0,3.0,3.0,3.0,3.0,3.0,3.0,3.0,2.0,2.0,3.0,2.0,2.0,2.0,2.0,3.0,3.0,3.0,3.0,3.0,1,25.0,3.0,3.0,3.0,3.0,3.0,2.0,3.0,3.0,3.0,3.0,3.0,3.0,0
68,3.0,3.0,3.0,3.0,1.0,1.0,1.0,1.0,1.0,1.0,1.0,1.0,1.0,1.0,1.0,1.0,1.0,1.0,1.0,3.0,3.0,3.0,1.0,2.0,2.0,2.0,1.0,1.0,1.0,1.0,1.0,1.0,1.0,1.0,3.0,2.0,3.0,3.0,3.0,3.0,3.0,3.0,3.0,3.0,3.0,3.0,3.0,3.0,3.0,3.0,0,10.0,3.0,3.0,3.0,3.0,3.0,0.03,3.0,3.0,3.0,3.0,3.0,3.0,0
69,3.0,3.0,3.0,3.0,3.0,3.0,3.0,3.0,3.0,3.0,3.0,3.0,3.0,3.0,3.0,3.0,3.0,3.0,3.0,3.0,3.0,3.0,3.0,3.0,3.0,3.0,1.0,2.0,1.0,1.0,1.0,2.0,3.0,2.0,3.0,3.0,3.0,3.0,3.0,3.0,3.0,3.0,3.0,3.0,3.0,3.0,3.0,3.0,3.0,3.0,0,15.0,3.0,3.0,4.0,4.0,4.0,0.15,3.0,3.0,3.0,3.0,3.0,3.0,0
70,3.0,3.0,3.0,3.0,3.0,3.0,3.0,3.0,3.0,3.0,3.0,3.0,3.0,3.0,3.0,3.0,3.0,2.0,2.0,1.0,3.0,3.0,2.0,3.0,3.0,1.0,3.0,3.0,2.0,3.0,3.0,3.0,3.0,2.0,3.0,3.0,3.0,3.0,3.0,3.0,3.0,3.0,3.0,3.0,3.0,3.0,4.0,3.0,3.0,3.0,0,20.0,3.0,3.0,3.0,3.0,3.0,0.35,3.0,3.0,3.0,3.0,4.0,2.0,0
71,3.0,3.0,3.0,3.0,2.0,2.0,2.0,2.0,2.0,2.0,2.0,2.0,2.0,1.0,1.0,2.0,1.0,1.0,1.0,2.0,3.0,3.0,1.0,1.0,2.0,1.0,1.0,1.0,1.0,2.0,1.0,1.0,1.0,2.0,3.0,3.0,3.0,2.0,3.0,3.0,3.0,3.0,3.0,2.0,1.0,3.0,3.0,3.0,3.0,3.0,1,10.0,3.0,3.0,3.0,3.0,3.0,0.1,3.0,3.0,3.0,3.0,3.0,3.0,0
72,3.0,3.0,3.0,3.0,1.0,1.0,1.0,1.0,1.0,1.0,1.0,1.0,1.0,1.0,1.0,1.0,1.0,1.0,0.0,3.0,3.0,3.0,1.0,3.0,3.0,0.0,0.0,0.0,0.0,1.0,1.0,1.0,2.0,2.0,3.0,3.0,3.0,3.0,3.0,2.0,2.0,2.0,2.0,3.0,2.0,3.0,3.0,3.0,2.0,3.0,0,4.0,3.0,3.0,3.0,3.0,3.0,0.03,4.0,4.0,4.0,4.0,4.0,4.0,0
73,3.0,3.0,3.0,3.0,3.0,3.0,3.0,3.0,2.0,2.0,3.0,3.0,1.0,2.0,2.0,3.0,1.0,2.0,2.0,3.0,3.0,3.0,3.0,3.0,3.0,1.0,2.0,1.0,2.0,2.0,2.0,3.0,3.0,3.0,3.0,3.0,3.0,3.0,3.0,3.0,3.0,3.0,3.0,3.0,3.0,3.0,4.0,4.0,4.0,3.0,1,25.0,3.0,3.0,3.0,3.0,3.0,0.2,3.0,3.0,3.0,3.0,3.0,3.0,0
74,4.0,4.0,3.0,3.0,1.0,1.0,1.0,1.0,1.0,1.0,1.0,1.0,1.0,2.0,2.0,2.0,1.0,1.0,0.0,3.0,3.0,3.0,3.0,2.0,1.0,0.0,0.0,0.0,1.0,2.0,1.0,2.0,2.0,1.0,3.0,3.0,3.0,1.0,1.0,1.0,1.0,1.0,1.0,1.0,1.0,3.0,3.0,3.0,3.0,3.0,0,15.0,3.0,3.0,3.0,3.0,3.0,0.05,2.0,3.0,3.0,3.0,3.0,3.0,0
75,3.0,2.0,2.0,2.0,0.0,1.0,1.0,1.0,1.0,3.0,2.0,1.0,1.0,1.0,1.0,1.0,2.0,1.0,1.0,3.0,3.0,3.0,2.0,3.0,3.0,3.0,1.0,1.0,1.0,1.0,1.0,1.0,1.0,1.0,3.0,3.0,3.0,2.0,2.0,2.0,3.0,2.0,2.0,2.0,2.0,3.0,3.0,3.0,3.0,3.0,1,10.0,3.0,3.0,4.0,3.0,3.0,0.1,2.0,3.0,4.0,3.0,4.0,4.0,0
76,2.0,1.0,3.0,3.0,0.0,0.0,2.0,1.0,0.0,3.0,2.0,0.0,1.0,1.0,0.0,1.0,2.0,0.0,0.0,2.0,3.0,2.0,0.0,2.0,2.0,0.0,0.0,1.0,2.0,2.0,1.0,1.0,1.0,2.0,3.0,3.0,3.0,2.0,2.0,2.0,2.0,2.0,2.0,2.0,2.0,4.0,3.0,3.0,3.0,3.0,1,7.0,3.0,3.0,3.0,3.0,3.0,0.2,3.0,3.0,1.0,3.0,3.0,3.0,0
77,3.0,2.0,3.0,2.0,1.0,1.0,2.0,1.0,1.0,2.0,2.0,0.0,0.0,1.0,2.0,2.0,1.0,0.0,1.0,3.0,3.0,3.0,1.0,3.0,3.0,3.0,1.0,1.0,2.0,1.0,1.0,1.0,0.0,1.0,2.0,3.0,3.0,2.0,2.0,2.0,2.0,3.0,3.0,3.0,3.0,3.0,3.0,3.0,3.0,3.0,1,20.0,3.0,3.0,3.0,3.0,4.0,0.0675,3.0,3.0,4.0,3.0,3.0,3.0,0
78,3.0,2.0,3.0,3.0,0.0,1.0,1.0,0.0,1.0,2.0,2.0,1.0,1.0,1.0,1.0,3.0,3.0,2.0,0.0,2.0,2.0,3.0,2.0,2.0,2.0,2.0,1.0,2.0,2.0,2.0,1.0,1.0,2.0,2.0,3.0,3.0,3.0,2.0,3.0,3.0,3.0,3.0,3.0,3.0,3.0,4.0,4.0,4.0,3.0,3.0,1,8.0,3.0,3.0,3.0,3.0,3.0,0.2,3.0,3.0,3.0,3.0,3.0,3.0,0
79,3.0,3.0,3.0,2.0,0.0,0.0,0.0,1.0,0.0,2.0,1.0,2.0,2.0,2.0,1.0,3.0,3.0,2.0,0.0,3.0,3.0,3.0,2.0,3.0,2.0,1.0,1.0,1.0,1.0,1.0,2.0,1.0,2.0,1.0,3.0,3.0,3.0,3.0,2.0,3.0,3.0,3.0,3.0,3.0,3.0,3.0,3.0,4.0,4.0,3.0,1,5.0,3.0,3.0,3.0,3.0,3.0,0.05,3.0,3.0,2.0,3.0,3.0,3.0,0
80,3.0,3.0,3.0,2.0,2.0,2.0,2.0,1.0,1.0,1.0,2.0,1.0,0.0,2.0,0.0,2.0,2.0,2.0,0.0,3.0,3.0,2.0,3.0,3.0,2.0,1.0,0.0,1.0,1.0,2.0,1.0,1.0,2.0,1.0,4.0,4.0,4.0,2.0,3.0,3.0,3.0,3.0,3.0,3.0,3.0,3.0,4.0,4.0,4.0,3.0,1,20.0,3.0,3.0,3.0,3.0,3.0,0.03,3.0,3.0,4.0,4.0,4.0,3.0,0
81,3.0,2.0,3.0,3.0,0.0,0.0,2.0,1.0,0.0,3.0,2.0,0.0,0.0,2.0,1.0,3.0,3.0,2.0,0.0,3.0,3.0,3.0,3.0,2.0,3.0,3.0,1.0,0.0,0.0,1.0,2.0,2.0,1.0,1.0,3.0,3.0,3.0,3.0,3.0,3.0,2.0,1.0,1.0,3.0,3.0,3.0,3.0,3.0,3.0,3.0,1,4.0,3.0,3.0,3.0,3.0,3.0,0.07,3.0,3.0,1.0,3.0,2.0,3.0,0
82,3.0,2.0,3.0,2.0,1.0,2.0,2.0,1.0,0.0,3.0,3.0,1.0,0.0,2.0,0.0,2.0,3.0,2.0,0.0,3.0,3.0,3.0,3.0,4.0,3.0,2.0,1.0,2.0,2.0,2.0,1.0,1.0,2.0,2.0,3.0,3.0,2.0,2.0,2.0,2.0,3.0,3.0,2.0,2.0,3.0,3.0,4.0,4.0,3.0,3.0,1,5.0,3.0,3.0,3.0,3.0,3.0,0.013,3.0,3.0,1.0,3.0,3.0,3.0,0
83,3.0,2.0,3.0,2.0,2.0,2.0,2.0,1.0,0.0,3.0,2.0,2.0,1.0,3.0,2.0,3.0,2.0,2.0,3.0,3.0,3.0,2.0,2.0,3.0,3.0,3.0,2.0,3.0,2.0,2.0,2.0,2.0,3.0,3.0,3.0,3.0,3.0,3.0,3.0,3.0,3.0,2.0,2.0,2.0,3.0,3.0,3.0,3.0,3.0,4.0,1,10.0,3.0,3.0,3.0,3.0,3.0,0.23,3.0,3.0,2.0,3.0,3.0,3.0,0
84,2.0,2.0,3.0,3.0,2.0,2.0,2.0,0.0,0.0,2.0,2.0,2.0,1.0,0.0,0.0,2.0,2.0,2.0,1.0,4.0,3.0,3.0,2.0,4.0,2.0,1.0,3.0,1.0,1.0,1.0,1.0,1.0,1.0,1.0,3.0,2.0,2.0,3.0,4.0,4.0,3.0,3.0,3.0,2.0,3.0,3.0,3.0,3.0,4.0,4.0,1,20.0,3.0,3.0,3.0,3.0,3.0,0.03,2.0,3.0,2.0,3.0,3.0,3.0,0
85,3.0,2.0,3.0,3.0,1.0,1.0,1.0,1.0,0.0,1.0,2.0,1.0,1.0,1.0,1.0,1.0,0.0,0.0,0.0,3.0,3.0,3.0,1.0,2.0,3.0,0.0,2.0,1.0,1.0,2.0,1.0,1.0,1.0,0.0,3.0,3.0,3.0,3.0,3.0,3.0,4.0,4.0,4.0,2.0,2.0,4.0,4.0,4.0,4.0,3.0,0,15.0,3.0,3.0,3.0,3.0,4.0,0.05,3.0,3.0,3.0,4.0,4.0,4.0,0
86,3.0,2.0,4.0,3.0,2.0,1.0,2.0,1.0,1.0,0.0,0.0,0.0,0.0,2.0,1.0,1.0,3.0,2.0,0.0,2.0,3.0,2.0,2.0,3.0,3.0,2.0,0.0,1.0,1.0,2.0,0.0,1.0,1.0,1.0,3.0,3.0,3.0,3.0,4.0,4.0,4.0,4.0,4.0,4.0,3.0,3.0,3.0,3.0,3.0,3.0,1,5.0,3.0,3.0,3.0,3.0,3.0,0.15,3.0,3.0,3.0,3.0,3.0,3.0,0
87,3.0,2.0,3.0,3.0,2.0,2.0,2.0,1.0,1.0,0.0,0.0,0.0,0.0,3.0,2.0,2.0,2.0,2.0,0.0,2.0,3.0,3.0,2.0,3.0,3.0,3.0,1.0,1.0,1.0,1.0,1.0,1.0,1.0,1.0,3.0,3.0,3.0,1.0,1.0,1.0,3.0,3.0,2.0,2.0,1.0,3.0,4.0,3.0,3.0,3.0,1,7.0,3.0,3.0,3.0,3.0,3.0,0.1,3.0,3.0,3.0,3.0,3.0,3.0,0
88,3.0,3.0,3.0,3.0,3.0,2.0,3.0,2.0,3.0,3.0,3.0,3.0,3.0,2.0,3.0,4.0,3.0,2.0,2.0,3.0,4.0,3.0,3.0,3.0,3.0,3.0,3.0,3.0,4.0,3.0,3.0,3.0,3.0,3.0,4.0,3.0,3.0,3.0,3.0,3.0,3.0,3.0,3.0,2.0,3.0,4.0,4.0,4.0,4.0,4.0,1,16.0,3.0,3.0,3.0,3.0,3.0,0.95,3.0,3.0,3.0,3.0,3.0,3.0,0
89,3.0,3.0,3.0,3.0,3.0,3.0,3.0,3.0,3.0,3.0,3.0,3.0,3.0,2.0,2.0,2.0,1.0,1.0,2.0,3.0,3.0,3.0,3.0,3.0,3.0,4.0,3.0,3.0,1.0,2.0,2.0,3.0,3.0,3.0,3.0,3.0,3.0,3.0,4.0,4.0,4.0,4.0,4.0,3.0,4.0,3.0,3.0,3.0,3.0,3.0,0,40.0,3.0,3.0,3.0,3.0,3.0,0.47,3.0,3.0,3.0,3.0,3.0,3.0,0
90,3.0,2.0,2.0,3.0,1.0,1.0,1.0,1.0,2.0,2.0,2.0,1.0,1.0,1.0,1.0,2.0,2.0,1.0,1.0,3.0,2.0,3.0,2.0,2.0,2.0,2.0,0.0,0.0,0.0,0.0,0.0,0.0,0.0,1.0,3.0,2.0,3.0,3.0,3.0,4.0,3.0,3.0,3.0,3.0,3.0,2.0,2.0,2.0,3.0,3.0,1,10.0,3.0,3.0,3.0,3.0,3.0,0.15,3.0,3.0,3.0,3.0,4.0,4.0,0
91,3.0,4.0,2.0,3.0,3.0,3.0,3.0,3.0,3.0,3.0,3.0,3.0,3.0,3.0,3.0,3.0,3.0,2.0,2.0,2.0,3.0,3.0,4.0,3.0,3.0,3.0,3.0,2.0,3.0,3.0,2.0,3.0,3.0,3.0,3.0,3.0,3.0,3.0,3.0,3.0,3.0,3.0,3.0,3.0,3.0,3.0,4.0,4.0,4.0,4.0,1,10.0,3.0,3.0,3.0,3.0,3.0,0.45,3.0,3.0,3.0,3.0,3.0,3.0,0
92,3.0,3.0,2.0,3.0,3.0,3.0,3.0,3.0,3.0,3.0,3.0,3.0,3.0,3.0,3.0,3.0,2.0,3.0,3.0,3.0,3.0,3.0,3.0,3.0,3.0,3.0,3.0,3.0,3.0,3.0,2.0,2.0,2.0,3.0,3.0,3.0,3.0,3.0,3.0,3.0,3.0,3.0,3.0,3.0,3.0,4.0,4.0,4.0,4.0,4.0,1,25.0,3.0,3.0,3.0,3.0,3.0,0.8,4.0,4.0,4.0,4.0,4.0,4.0,1
93,3.0,3.0,2.0,3.0,1.0,2.0,2.0,2.0,1.0,1.0,2.0,2.0,1.0,1.0,1.0,1.0,1.0,3.0,1.0,3.0,3.0,3.0,3.0,3.0,3.0,2.0,1.0,1.0,1.0,1.0,1.0,1.0,1.0,2.0,3.0,3.0,3.0,3.0,3.0,3.0,3.0,3.0,3.0,3.0,3.0,3.0,3.0,3.0,3.0,3.0,1,20.0,3.0,3.0,3.0,3.0,3.0,0.4,3.0,3.0,2.0,3.0,3.0,3.0,0
94,3.0,3.0,3.0,4.0,2.0,2.0,2.0,2.0,2.0,2.0,3.0,3.0,3.0,2.0,2.0,2.0,2.0,1.0,1.0,3.0,3.0,3.0,3.0,3.0,3.0,3.0,2.0,2.0,2.0,2.0,2.0,2.0,2.0,3.0,3.0,3.0,3.0,3.0,3.0,3.0,3.0,3.0,3.0,3.0,3.0,3.0,3.0,3.0,3.0,3.0,1,30.0,3.0,3.0,3.0,3.0,3.0,0.03,3.0,3.0,3.0,3.0,3.0,3.0,0
95,3.0,3.0,3.0,3.0,3.0,3.0,3.0,3.0,3.0,3.0,3.0,3.0,3.0,2.0,2.0,2.0,2.0,3.0,1.0,3.0,3.0,3.0,3.0,3.0,3.0,3.0,2.0,2.0,1.0,2.0,2.0,1.0,1.0,2.0,3.0,3.0,3.0,3.0,3.0,3.0,3.0,3.0,3.0,3.0,3.0,3.0,3.0,3.0,3.0,3.0,1,15.0,3.0,3.0,3.0,3.0,3.0,0.4,3.0,3.0,3.0,3.0,3.0,3.0,0
96,3.0,3.0,3.0,3.0,1.0,1.0,1.0,1.0,1.0,1.0,1.0,1.0,1.0,1.0,1.0,1.0,1.0,1.0,1.0,3.0,2.0,2.0,2.0,3.0,2.0,2.0,1.0,1.0,1.0,1.0,1.0,1.0,1.0,0.0,3.0,3.0,3.0,2.0,2.0,2.0,2.0,2.0,2.0,2.0,2.0,2.0,3.0,3.0,2.0,3.0,1,10.0,3.0,3.0,3.0,3.0,3.0,0.15,3.0,3.0,3.0,3.0,3.0,3.0,0
97,3.0,3.0,3.0,3.0,1.0,1.0,2.0,1.0,2.0,2.0,2.0,1.0,1.0,1.0,1.0,2.0,2.0,3.0,1.0,3.0,3.0,3.0,3.0,3.0,3.0,3.0,2.0,2.0,1.0,1.0,2.0,2.0,2.0,2.0,3.0,3.0,3.0,3.0,3.0,3.0,3.0,3.0,3.0,3.0,3.0,3.0,3.0,3.0,3.0,3.0,1,10.0,4.0,3.0,4.0,3.0,4.0,0.38,3.0,3.0,4.0,3.0,3.0,3.0,0
98,4.0,4.0,4.0,4.0,2.0,2.0,2.0,1.0,2.0,2.0,2.0,2.0,1.0,1.0,1.0,1.0,1.0,1.0,1.0,3.0,3.0,3.0,3.0,3.0,3.0,3.0,1.0,1.0,1.0,2.0,2.0,2.0,1.0,2.0,3.0,3.0,3.0,3.0,3.0,3.0,3.0,3.0,3.0,3.0,3.0,3.0,4.0,4.0,4.0,4.0,1,15.0,3.0,3.0,3.0,3.0,3.0,0.15,3.0,3.0,3.0,3.0,3.0,3.0,0
99,3.0,3.0,3.0,3.0,0.0,0.0,0.0,0.0,0.0,0.0,0.0,0.0,0.0,1.0,1.0,2.0,1.0,1.0,0.0,3.0,3.0,3.0,2.0,3.0,3.0,2.0,0.0,0.0,0.0,0.0,0.0,0.0,0.0,0.0,3.0,3.0,3.0,2.0,2.0,2.0,2.0,2.0,2.0,2.0,2.0,3.0,3.0,3.0,3.0,3.0,1,7.0,3.0,3.0,3.0,3.0,3.0,0.03,3.0,3.0,3.0,3.0,3.0,3.0,0
100,3.0,3.0,3.0,3.0,3.0,3.0,3.0,3.0,3.0,3.0,3.0,3.0,3.0,3.0,2.0,3.0,3.0,3.0,3.0,3.0,3.0,3.0,3.0,3.0,3.0,3.0,3.0,2.0,2.0,2.0,2.0,3.0,3.0,3.0,3.0,3.0,3.0,3.0,3.0,3.0,3.0,3.0,3.0,3.0,3.0,3.0,3.0,3.0,3.0,3.0,1,6.0,4.0,4.0,3.0,3.0,4.0,0.3,3.0,3.0,3.0,3.0,3.0,3.0,0
101,3.0,3.0,4.0,4.0,2.0,2.0,2.0,2.0,2.0,2.0,2.0,3.0,4.0,2.0,2.0,2.0,3.0,3.0,3.0,2.0,2.0,2.0,3.0,3.0,3.0,3.0,2.0,3.0,2.0,2.0,2.0,3.0,3.0,3.0,4.0,4.0,4.0,3.0,3.0,3.0,3.0,3.0,3.0,3.0,3.0,3.0,3.0,4.0,4.0,3.0,1,15.0,4.0,4.0,3.0,3.0,3.0,0.026,3.0,3.0,3.0,3.0,3.0,3.0,0
102,3.0,4.0,1.0,3.0,3.0,3.0,3.0,3.0,0.0,0.0,3.0,0.0,0.0,4.0,4.0,3.0,3.0,3.0,3.0,4.0,4.0,4.0,3.0,3.0,3.0,3.0,2.0,1.0,2.0,3.0,2.0,1.0,2.0,3.0,4.0,4.0,4.0,4.0,4.0,4.0,4.0,4.0,4.0,4.0,4.0,4.0,4.0,4.0,4.0,4.0,1,20.0,4.0,4.0,4.0,4.0,4.0,0.0,3.0,3.0,3.0,3.0,3.0,3.0,1
103,3.0,2.0,3.0,3.0,3.0,3.0,3.0,3.0,3.0,3.0,3.0,3.0,3.0,2.0,3.0,3.0,3.0,3.0,3.0,3.0,3.0,3.0,4.0,3.0,3.0,3.0,3.0,3.0,3.0,3.0,3.0,3.0,3.0,4.0,3.0,3.0,3.0,3.0,3.0,3.0,3.0,3.0,3.0,3.0,3.0,3.0,3.0,3.0,3.0,3.0,1,20.0,3.0,3.0,3.0,3.0,3.0,0.36,3.0,3.0,3.0,3.0,3.0,3.0,0
104,3.0,3.0,3.0,3.0,3.0,3.0,3.0,3.0,3.0,3.0,3.0,3.0,3.0,3.0,3.0,3.0,2.0,3.0,3.0,2.0,3.0,3.0,4.0,4.0,4.0,4.0,3.0,3.0,3.0,3.0,3.0,3.0,3.0,3.0,3.0,3.0,3.0,2.0,3.0,3.0,3.0,3.0,3.0,3.0,2.0,3.0,3.0,3.0,3.0,3.0,1,10.0,4.0,4.0,4.0,4.0,4.0,0.78,3.0,3.0,3.0,3.0,3.0,3.0,0
105,3.0,3.0,3.0,3.0,2.0,2.0,2.0,2.0,2.0,2.0,2.0,2.0,2.0,1.0,2.0,2.0,1.0,1.0,1.0,3.0,3.0,3.0,3.0,3.0,3.0,3.0,1.0,2.0,1.0,1.0,1.0,1.0,1.0,2.0,3.0,3.0,3.0,3.0,3.0,3.0,3.0,3.0,3.0,3.0,3.0,3.0,3.0,3.0,3.0,3.0,1,15.0,3.0,3.0,3.0,3.0,3.0,0.2,3.0,3.0,3.0,3.0,3.0,3.0,0
106,3.0,3.0,3.0,3.0,3.0,3.0,3.0,3.0,3.0,3.0,3.0,3.0,3.0,3.0,3.0,3.0,3.0,3.0,3.0,3.0,3.0,3.0,3.0,3.0,3.0,3.0,3.0,3.0,3.0,3.0,3.0,3.0,3.0,3.0,3.0,3.0,3.0,3.0,3.0,3.0,3.0,3.0,3.0,3.0,3.0,3.0,3.0,3.0,3.0,3.0,1,20.0,3.0,3.0,3.0,3.0,3.0,10.0,4.0,4.0,4.0,4.0,4.0,4.0,1
107,3.0,3.0,3.0,3.0,2.0,2.0,2.0,2.0,2.0,2.0,2.0,2.0,2.0,2.0,2.0,2.0,2.0,2.0,2.0,3.0,1.0,2.0,3.0,3.0,3.0,3.0,1.0,2.0,2.0,2.0,3.0,1.0,1.0,3.0,3.0,3.0,3.0,3.0,3.0,3.0,3.0,3.0,3.0,3.0,3.0,3.0,3.0,3.0,3.0,3.0,1,10.0,4.0,4.0,4.0,4.0,4.0,0.9,3.0,3.0,3.0,3.0,3.0,3.0,0
108,3.0,3.0,3.0,3.0,1.0,1.0,1.0,1.0,1.0,1.0,1.0,1.0,1.0,2.0,2.0,2.0,2.0,3.0,2.0,2.0,2.0,2.0,3.0,3.0,3.0,3.0,1.0,1.0,1.0,1.0,1.0,1.0,1.0,1.0,3.0,3.0,3.0,2.0,3.0,3.0,2.0,2.0,3.0,2.0,2.0,3.0,3.0,3.0,3.0,3.0,1,9.0,4.0,4.0,4.0,4.0,4.0,0.1,3.0,3.0,3.0,3.0,3.0,3.0,0
109,3.0,3.0,3.0,3.0,2.0,2.0,1.0,1.0,1.0,2.0,2.0,1.0,1.0,2.0,2.0,3.0,3.0,3.0,3.0,3.0,3.0,3.0,2.0,3.0,3.0,3.0,2.0,2.0,2.0,2.0,2.0,2.0,2.0,2.0,2.0,3.0,3.0,3.0,3.0,3.0,3.0,3.0,3.0,3.0,3.0,3.0,3.0,3.0,3.0,3.0,1,18.0,3.0,3.0,3.0,3.0,3.0,0.3,3.0,3.0,3.0,3.0,3.0,3.0,0
110,3.0,3.0,3.0,3.0,2.0,2.0,2.0,2.0,2.0,2.0,3.0,3.0,1.0,2.0,2.0,3.0,3.0,1.0,1.0,3.0,3.0,3.0,3.0,3.0,3.0,3.0,1.0,2.0,2.0,2.0,2.0,2.0,2.0,2.0,3.0,3.0,3.0,3.0,3.0,4.0,4.0,4.0,4.0,4.0,4.0,3.0,3.0,3.0,3.0,3.0,1,14.0,3.0,3.0,3.0,3.0,3.0,0.85,3.0,3.0,3.0,3.0,3.0,3.0,0
111,3.0,3.0,2.0,3.0,0.0,0.0,0.0,0.0,0.0,0.0,0.0,0.0,0.0,1.0,1.0,1.0,0.0,0.0,0.0,3.0,3.0,3.0,2.0,2.0,2.0,2.0,0.0,0.0,0.0,0.0,0.0,0.0,0.0,0.0,3.0,3.0,2.0,2.0,2.0,2.0,2.0,2.0,2.0,2.0,2.0,3.0,3.0,3.0,3.0,3.0,1,6.0,3.0,3.0,3.0,3.0,3.0,0.015,3.0,3.0,3.0,3.0,3.0,3.0,0
112,3.0,3.0,3.0,3.0,1.0,1.0,1.0,1.0,1.0,1.0,1.0,1.0,1.0,2.0,2.0,2.0,2.0,2.0,2.0,3.0,3.0,3.0,3.0,3.0,3.0,3.0,1.0,1.0,1.0,1.0,1.0,1.0,1.0,1.0,3.0,3.0,3.0,3.0,3.0,3.0,3.0,3.0,3.0,3.0,3.0,3.0,3.0,3.0,3.0,3.0,1,15.0,3.0,3.0,3.0,3.0,3.0,0.05,3.0,3.0,3.0,3.0,3.0,3.0,0
113,3.0,3.0,3.0,3.0,1.0,2.0,2.0,2.0,2.0,2.0,2.0,2.0,2.0,2.0,2.0,3.0,3.0,3.0,3.0,3.0,3.0,2.0,3.0,3.0,3.0,3.0,3.0,3.0,3.0,3.0,3.0,3.0,3.0,3.0,3.0,3.0,3.0,3.0,3.0,3.0,3.0,3.0,3.0,3.0,3.0,3.0,3.0,3.0,3.0,3.0,1,16.0,3.0,3.0,3.0,3.0,3.0,0.48,3.0,3.0,3.0,3.0,3.0,3.0,0
114,3.0,3.0,4.0,4.0,1.0,1.0,1.0,1.0,1.0,1.0,1.0,1.0,1.0,2.0,2.0,3.0,3.0,3.0,3.0,3.0,3.0,3.0,3.0,3.0,3.0,2.0,0.0,0.0,0.0,0.0,0.0,0.0,0.0,0.0,3.0,3.0,3.0,2.0,2.0,2.0,2.0,2.0,2.0,3.0,3.0,3.0,3.0,3.0,3.0,3.0,1,15.0,3.0,3.0,3.0,3.0,3.0,0.1,3.0,3.0,4.0,4.0,4.0,4.0,0
115,3.0,3.0,4.0,4.0,2.0,2.0,2.0,2.0,2.0,2.0,2.0,2.0,2.0,2.0,3.0,3.0,3.0,3.0,3.0,3.0,3.0,3.0,3.0,3.0,3.0,3.0,1.0,2.0,1.0,1.0,1.0,1.0,1.0,2.0,3.0,3.0,3.0,3.0,3.0,3.0,3.0,3.0,3.0,3.0,3.0,3.0,3.0,3.0,3.0,3.0,1,22.0,4.0,4.0,4.0,4.0,4.0,0.11,3.0,3.0,3.0,3.0,3.0,3.0,0
116,4.0,4.0,4.0,4.0,2.0,2.0,2.0,2.0,2.0,2.0,2.0,2.0,2.0,3.0,3.0,3.0,3.0,3.0,2.0,4.0,4.0,4.0,4.0,4.0,4.0,4.0,1.0,2.0,2.0,3.0,2.0,2.0,1.0,2.0,3.0,3.0,3.0,4.0,4.0,4.0,4.0,4.0,4.0,4.0,4.0,3.0,3.0,3.0,4.0,4.0,1,15.0,3.0,3.0,3.0,3.0,3.0,0.47,3.0,4.0,4.0,4.0,4.0,4.0,0
117,4.0,4.0,3.0,4.0,1.0,1.0,1.0,3.0,1.0,1.0,1.0,1.0,1.0,3.0,3.0,3.0,4.0,2.0,2.0,3.0,4.0,3.0,2.0,3.0,3.0,4.0,1.0,2.0,1.0,1.0,1.0,1.0,1.0,1.0,4.0,4.0,4.0,3.0,3.0,3.0,4.0,4.0,3.0,3.0,3.0,4.0,4.0,4.0,4.0,4.0,1,9.0,3.0,3.0,3.0,3.0,4.0,0.39,3.0,3.0,3.0,3.0,3.0,3.0,0
118,3.0,3.0,3.0,3.0,2.0,2.0,2.0,3.0,2.0,1.0,3.0,2.0,2.0,2.0,2.0,2.0,3.0,3.0,3.0,2.0,3.0,3.0,3.0,3.0,3.0,3.0,1.0,2.0,2.0,2.0,2.0,2.0,2.0,1.0,3.0,3.0,3.0,2.0,4.0,3.0,3.0,3.0,3.0,3.0,2.0,3.0,4.0,3.0,4.0,4.0,1,7.0,3.0,3.0,3.0,3.0,3.0,0.3,4.0,4.0,4.0,4.0,4.0,4.0,0
119,3.0,3.0,3.0,3.0,2.0,2.0,2.0,2.0,2.0,2.0,2.0,2.0,2.0,2.0,2.0,3.0,1.0,1.0,1.0,3.0,3.0,3.0,3.0,3.0,3.0,3.0,1.0,1.0,1.0,1.0,1.0,1.0,1.0,1.0,3.0,3.0,3.0,3.0,3.0,3.0,3.0,3.0,3.0,3.0,3.0,3.0,3.0,4.0,4.0,4.0,1,10.0,4.0,4.0,4.0,4.0,4.0,1.0,4.0,4.0,4.0,4.0,4.0,4.0,0
